url,title,cluster,page_length_chars,num_sections,num_references,num_categories,num_images,num_infobox_rows
https://en.wikipedia.org/wiki/Machine_learning,Machine learning,1,110229.0,51.0,181.0,5.0,27.0,0.0
https://en.wikipedia.org/wiki/Outline_of_machine_learning,Outline of machine learning,0,29158.0,34.0,3.0,5.0,8.0,0.0
https://en.wikipedia.org/wiki/80_Million_Tiny_Images,80 Million Tiny Images,0,3830.0,5.0,7.0,2.0,0.0,0.0
https://en.wikipedia.org/wiki/A_Logical_Calculus_of_the_Ideas_Immanent_in_Nervous_Activity,A Logical Calculus of the Ideas Immanent in Nervous Activity,0,14357.0,9.0,18.0,4.0,48.0,0.0
https://en.wikipedia.org/wiki/Accelerated_Linear_Algebra,Accelerated Linear Algebra,0,5455.0,8.0,11.0,5.0,1.0,8.0
https://en.wikipedia.org/wiki/Action_model_learning,Action model learning,0,8029.0,6.0,15.0,3.0,11.0,0.0
https://en.wikipedia.org/wiki/Active_learning_(machine_learning),Active learning (machine learning),0,14990.0,7.0,17.0,1.0,3.0,0.0
https://en.wikipedia.org/wiki/Adversarial_machine_learning,Adversarial machine learning,1,58467.0,27.0,119.0,3.0,71.0,0.0
https://en.wikipedia.org/wiki/AI_datacenter,AI datacenter,0,37821.0,13.0,99.0,13.0,2.0,0.0
https://en.wikipedia.org/wiki/AIOps,AIOps,0,8918.0,8.0,27.0,3.0,1.0,0.0
https://en.wikipedia.org/wiki/AIXI,AIXI,0,9197.0,7.0,7.0,3.0,69.0,0.0
https://en.wikipedia.org/wiki/Algorithm_selection,Algorithm selection,0,11508.0,19.0,12.0,2.0,27.0,0.0
https://en.wikipedia.org/wiki/Algorithmic_bias,Algorithmic bias,1,111482.0,37.0,219.0,6.0,6.0,0.0
https://en.wikipedia.org/wiki/Algorithmic_inference,Algorithmic inference,0,12852.0,10.0,1.0,2.0,56.0,0.0
https://en.wikipedia.org/wiki/Anomaly_detection,Anomaly detection,0,31130.0,28.0,58.0,5.0,2.0,0.0
https://en.wikipedia.org/wiki/Aporia_(company),Aporia (company),0,4136.0,2.0,19.0,4.0,1.0,7.0
https://en.wikipedia.org/wiki/Apprenticeship_learning,Apprenticeship learning,0,8879.0,7.0,14.0,1.0,0.0,0.0
https://en.wikipedia.org/wiki/Artificial_intelligence_in_hiring,Artificial intelligence in hiring,0,26091.0,10.0,42.0,4.0,2.0,0.0
https://en.wikipedia.org/wiki/Astrostatistics,Astrostatistics,0,1211.0,1.0,1.0,6.0,5.0,0.0
https://en.wikipedia.org/wiki/Attention_(machine_learning),Attention (machine learning),0,25418.0,20.0,57.0,1.0,63.0,0.0
https://en.wikipedia.org/wiki/Audio_inpainting,Audio inpainting,0,15239.0,7.0,20.0,3.0,17.0,0.0
https://en.wikipedia.org/wiki/Automated_decision-making,Automated decision-making,0,30371.0,23.0,46.0,4.0,0.0,0.0
https://en.wikipedia.org/wiki/Automated_machine_learning,Automated machine learning,0,8021.0,6.0,9.0,3.0,1.0,0.0
https://en.wikipedia.org/wiki/Automation_in_construction,Automation in construction,0,4285.0,4.0,8.0,6.0,0.0,0.0
https://en.wikipedia.org/wiki/Bag-of-words_model,Bag-of-words model,0,8161.0,8.0,5.0,2.0,0.0,0.0
https://en.wikipedia.org/wiki/Ball_tree,Ball tree,0,8972.0,8.0,4.0,2.0,5.0,0.0
https://en.wikipedia.org/wiki/Base_rate,Base rate,0,4911.0,3.0,6.0,4.0,0.0,0.0
https://en.wikipedia.org/wiki/Bayesian_interpretation_of_kernel_regularization,Bayesian interpretation of kernel regularization,0,11153.0,12.0,13.0,2.0,78.0,0.0
https://en.wikipedia.org/wiki/Bayesian_learning_mechanisms,Bayesian learning mechanisms,0,2424.0,2.0,6.0,2.0,2.0,0.0
https://en.wikipedia.org/wiki/Bayesian_optimization,Bayesian optimization,0,16724.0,8.0,45.0,4.0,10.0,0.0
https://en.wikipedia.org/wiki/Bayesian_regret,Bayesian regret,0,2911.0,3.0,7.0,6.0,2.0,0.0
https://en.wikipedia.org/wiki/Bayesian_structural_time_series,Bayesian structural time series,0,3516.0,4.0,4.0,3.0,1.0,0.0
https://en.wikipedia.org/wiki/Bias%E2%80%93variance_tradeoff,Bias–variance tradeoff,0,20595.0,14.0,25.0,4.0,74.0,0.0
https://en.wikipedia.org/wiki/Binary_classification,Binary classification,0,11881.0,9.0,3.0,2.0,8.0,0.0
https://en.wikipedia.org/wiki/Bioserenity,Bioserenity,0,6525.0,4.0,25.0,4.0,1.0,11.0
https://en.wikipedia.org/wiki/Bradley%E2%80%93Terry_model,Bradley–Terry model,0,11394.0,9.0,17.0,4.0,50.0,0.0
https://en.wikipedia.org/wiki/Category_utility,Category utility,0,17229.0,11.0,19.0,2.0,85.0,0.0
https://en.wikipedia.org/wiki/CIML_community_portal,CIML community portal,0,3756.0,5.0,3.0,2.0,1.0,0.0
https://en.wikipedia.org/wiki/Claude_(language_model),Claude (language model),0,22816.0,12.0,67.0,7.0,9.0,11.0
https://en.wikipedia.org/wiki/Cognitive_robotics,Cognitive robotics,0,8253.0,12.0,3.0,3.0,4.0,0.0
https://en.wikipedia.org/wiki/Concept_drift,Concept drift,0,32328.0,18.0,25.0,3.0,1.0,0.0
https://en.wikipedia.org/wiki/Conditional_random_field,Conditional random field,0,12811.0,10.0,14.0,2.0,49.0,0.0
https://en.wikipedia.org/wiki/Confusion_matrix,Confusion matrix,0,18374.0,6.0,28.0,2.0,5.0,0.0
https://en.wikipedia.org/wiki/Contrastive_Language-Image_Pre-training,Contrastive Language-Image Pre-training,0,20357.0,16.0,38.0,4.0,15.0,8.0
https://en.wikipedia.org/wiki/Cost-sensitive_machine_learning,Cost-sensitive machine learning,0,3869.0,8.0,2.0,2.0,9.0,0.0
https://en.wikipedia.org/wiki/Coupled_pattern_learner,Coupled pattern learner,0,8078.0,12.0,3.0,1.0,0.0,0.0
https://en.wikipedia.org/wiki/Croissant_(metadata_format),Croissant (metadata format),0,4983.0,4.0,11.0,4.0,0.0,0.0
https://en.wikipedia.org/wiki/Cross-entropy_method,Cross-entropy method,0,5028.0,9.0,1.0,4.0,34.0,0.0
https://en.wikipedia.org/wiki/Cross-validation_(statistics),Cross-validation (statistics),0,37592.0,19.0,41.0,3.0,37.0,0.0
https://en.wikipedia.org/wiki/Curse_of_dimensionality,Curse of dimensionality,0,26171.0,12.0,29.0,4.0,35.0,0.0
https://en.wikipedia.org/wiki/Data_augmentation,Data augmentation,0,13530.0,10.0,18.0,1.0,11.0,0.0
https://en.wikipedia.org/wiki/Data_exploration,Data exploration,0,4236.0,4.0,6.0,4.0,0.0,0.0
https://en.wikipedia.org/wiki/Data_preprocessing,Data preprocessing,0,13162.0,5.0,13.0,2.0,4.0,0.0
https://en.wikipedia.org/wiki/Data-driven_astronomy,Data-driven astronomy,0,19989.0,11.0,46.0,6.0,9.0,0.0
https://en.wikipedia.org/wiki/Data-driven_model,Data-driven model,0,5679.0,3.0,14.0,4.0,0.0,0.0
https://en.wikipedia.org/wiki/Decision_list,Decision list,0,1460.0,3.0,2.0,2.0,2.0,0.0
https://en.wikipedia.org/wiki/Decision_tree_pruning,Decision tree pruning,0,5873.0,11.0,1.0,2.0,15.0,0.0
https://en.wikipedia.org/wiki/Deep_tomographic_reconstruction,Deep tomographic reconstruction,0,11666.0,8.0,27.0,1.0,0.0,0.0
https://en.wikipedia.org/wiki/Developmental_robotics,Developmental robotics,0,19699.0,15.0,5.0,3.0,3.0,0.0
https://en.wikipedia.org/wiki/Discovery_system_(artificial_intelligence),Discovery system (artificial intelligence),0,6215.0,4.0,14.0,5.0,2.0,0.0
https://en.wikipedia.org/wiki/Document_classification,Document classification,0,12038.0,9.0,18.0,5.0,0.0,0.0
https://en.wikipedia.org/wiki/Domain_adaptation,Domain adaptation,0,10903.0,11.0,18.0,1.0,25.0,0.0
https://en.wikipedia.org/wiki/Double_descent,Double descent,0,8688.0,6.0,16.0,4.0,8.0,0.0
https://en.wikipedia.org/wiki/Eager_learning,Eager learning,0,1821.0,1.0,4.0,2.0,1.0,0.0
https://en.wikipedia.org/wiki/EfficientNet,EfficientNet,0,3893.0,5.0,6.0,4.0,16.0,7.0
https://en.wikipedia.org/wiki/ELMo,ELMo,0,6593.0,4.0,4.0,4.0,7.0,0.0
https://en.wikipedia.org/wiki/EM_algorithm_and_GMM_model,EM algorithm and GMM model,0,3068.0,3.0,3.0,2.0,46.0,0.0
https://en.wikipedia.org/wiki/Embedding_(machine_learning),Embedding (machine learning),0,2935.0,4.0,5.0,3.0,8.0,0.0
https://en.wikipedia.org/wiki/Empirical_dynamic_modeling,Empirical dynamic modeling,0,19075.0,12.0,38.0,5.0,59.0,0.0
https://en.wikipedia.org/wiki/Empirical_risk_minimization,Empirical risk minimization,0,8253.0,9.0,6.0,1.0,55.0,0.0
https://en.wikipedia.org/wiki/Energy-based_model,Energy-based model,0,12279.0,12.0,18.0,4.0,29.0,0.0
https://en.wikipedia.org/wiki/Equalized_odds,Equalized odds,0,1704.0,2.0,3.0,8.0,8.0,0.0
https://en.wikipedia.org/wiki/Evaluation_of_binary_classifiers,Evaluation of binary classifiers,0,22600.0,15.0,20.0,2.0,9.0,0.0
https://en.wikipedia.org/wiki/Evolvability_(computer_science),Evolvability (computer science),0,4056.0,3.0,0.0,1.0,80.0,0.0
https://en.wikipedia.org/wiki/Expectation_propagation,Expectation propagation,0,1555.0,3.0,1.0,3.0,12.0,0.0
https://en.wikipedia.org/wiki/Explanation-based_learning,Explanation-based learning,0,7039.0,5.0,14.0,1.0,1.0,0.0
https://en.wikipedia.org/wiki/Exploration%E2%80%93exploitation_dilemma,Exploration–exploitation dilemma,0,12424.0,7.0,17.0,5.0,26.0,0.0
https://en.wikipedia.org/wiki/Fairness_(machine_learning),Fairness (machine learning),0,48725.0,22.0,55.0,6.0,170.0,0.0
https://en.wikipedia.org/wiki/Feature_(machine_learning),Feature (machine learning),0,8446.0,7.0,7.0,3.0,2.0,0.0
https://en.wikipedia.org/wiki/Feature_engineering,Feature engineering,0,16266.0,11.0,40.0,2.0,1.0,0.0
https://en.wikipedia.org/wiki/Feature_hashing,Feature hashing,0,13049.0,11.0,14.0,2.0,94.0,0.0
https://en.wikipedia.org/wiki/Feature_learning,Feature learning,0,36413.0,22.0,51.0,1.0,2.0,0.0
https://en.wikipedia.org/wiki/Feature_scaling,Feature scaling,0,5994.0,11.0,5.0,2.0,20.0,0.0
https://en.wikipedia.org/wiki/Federated_learning,Federated learning,0,44345.0,32.0,57.0,2.0,25.0,0.0
https://en.wikipedia.org/wiki/Fine-tuning_(deep_learning),Fine-tuning (deep learning),0,12177.0,9.0,24.0,2.0,2.0,0.0
https://en.wikipedia.org/wiki/Flow-based_generative_model,Flow-based generative model,0,33416.0,19.0,42.0,3.0,353.0,0.0
https://en.wikipedia.org/wiki/Flux_(machine-learning_framework),Flux (machine-learning framework),0,6655.0,2.0,25.0,3.0,4.0,11.0
https://en.wikipedia.org/wiki/Force_control,Force control,0,24842.0,17.0,13.0,2.0,27.0,0.0
https://en.wikipedia.org/wiki/Formal_concept_analysis,Formal concept analysis,0,35398.0,20.0,52.0,6.0,53.0,0.0
"https://en.wikipedia.org/wiki/Generalized_additive_model_for_location,_scale_and_shape","Generalized additive model for location, scale and shape",0,12059.0,6.0,13.0,3.0,32.0,0.0
https://en.wikipedia.org/wiki/Generative_artificial_intelligence,Generative artificial intelligence,1,85140.0,31.0,201.0,9.0,15.0,0.0
https://en.wikipedia.org/wiki/Generative_model,Generative model,0,15630.0,12.0,16.0,3.0,69.0,0.0
https://en.wikipedia.org/wiki/Geometric_feature_learning,Geometric feature learning,0,9756.0,11.0,9.0,3.0,31.0,0.0
https://en.wikipedia.org/wiki/Glossary_of_artificial_intelligence,Glossary of artificial intelligence,1,200532.0,27.0,368.0,3.0,2.0,0.0
https://en.wikipedia.org/wiki/Google_Colab,Google Colab,0,2736.0,4.0,5.0,8.0,3.0,8.0
https://en.wikipedia.org/wiki/Google_Research,Google Research,0,2881.0,4.0,7.0,6.0,4.0,8.0
https://en.wikipedia.org/wiki/Granular_computing,Granular computing,0,30844.0,8.0,0.0,2.0,126.0,0.0
https://en.wikipedia.org/wiki/Grokking_(machine_learning),Grokking (machine learning),0,7173.0,3.0,18.0,2.0,1.0,0.0
https://en.wikipedia.org/wiki/H_(company),H (company),0,4459.0,5.0,11.0,7.0,3.0,7.0
https://en.wikipedia.org/wiki/H2O_(software),H2O (software),0,6158.0,6.0,10.0,6.0,5.0,14.0
https://en.wikipedia.org/wiki/Hallucination_(artificial_intelligence),Hallucination (artificial intelligence),1,63296.0,18.0,119.0,14.0,7.0,0.0
https://en.wikipedia.org/wiki/Hidden_layer,Hidden layer,0,926.0,1.0,1.0,4.0,2.0,0.0
https://en.wikipedia.org/wiki/Hierarchical_navigable_small_world,Hierarchical navigable small world,0,6312.0,2.0,19.0,8.0,5.0,0.0
https://en.wikipedia.org/wiki/Hierarchical_Risk_Parity,Hierarchical Risk Parity,0,24715.0,10.0,25.0,3.0,46.0,0.0
https://en.wikipedia.org/wiki/Highway_network,Highway network,0,11128.0,4.0,18.0,3.0,10.0,0.0
https://en.wikipedia.org/wiki/Hugging_Face,Hugging Face,0,5145.0,4.0,14.0,5.0,5.0,11.0
https://en.wikipedia.org/wiki/Human-in-the-loop,Human-in-the-loop,0,6967.0,9.0,9.0,6.0,1.0,0.0
https://en.wikipedia.org/wiki/Hyperparameter_(machine_learning),Hyperparameter (machine learning),0,11546.0,9.0,14.0,2.0,1.0,0.0
https://en.wikipedia.org/wiki/Hyperparameter_optimization,Hyperparameter optimization,0,19352.0,12.0,37.0,3.0,7.0,0.0
https://en.wikipedia.org/wiki/In-context_learning_(natural_language_processing),In-context learning (natural language processing),0,34037.0,19.0,69.0,7.0,27.0,0.0
https://en.wikipedia.org/wiki/Inauthentic_text,Inauthentic text,0,2556.0,2.0,0.0,6.0,3.0,0.0
https://en.wikipedia.org/wiki/Inception_score,Inception score,0,4214.0,3.0,3.0,2.0,45.0,0.0
https://en.wikipedia.org/wiki/Inductive_bias,Inductive bias,0,5168.0,4.0,5.0,2.0,2.0,0.0
https://en.wikipedia.org/wiki/Inductive_probability,Inductive probability,0,32542.0,31.0,17.0,5.0,137.0,0.0
https://en.wikipedia.org/wiki/Inductive_programming,Inductive programming,0,17804.0,7.0,35.0,2.0,0.0,0.0
https://en.wikipedia.org/wiki/Inferential_theory_of_learning,Inferential theory of learning,0,3048.0,3.0,4.0,5.0,3.0,0.0
https://en.wikipedia.org/wiki/Instance_selection,Instance selection,0,6106.0,2.0,11.0,2.0,1.0,0.0
https://en.wikipedia.org/wiki/Instance-based_learning,Instance-based learning,0,2060.0,2.0,4.0,2.0,1.0,0.0
https://en.wikipedia.org/wiki/Intelligent_automation,Intelligent automation,0,7881.0,6.0,18.0,6.0,1.0,0.0
https://en.wikipedia.org/wiki/Isotropic_position,Isotropic position,0,1182.0,3.0,0.0,4.0,15.0,0.0
https://en.wikipedia.org/wiki/JAX_(software),JAX (software),0,3520.0,4.0,9.0,2.0,1.0,0.0
https://en.wikipedia.org/wiki/Journal_of_Machine_Learning_Research,Journal of Machine Learning Research,0,2892.0,4.0,3.0,4.0,1.0,17.0
https://en.wikipedia.org/wiki/Kernel_density_estimation,Kernel density estimation,0,25938.0,11.0,41.0,3.0,49.0,0.0
https://en.wikipedia.org/wiki/Kernel_embedding_of_distributions,Kernel embedding of distributions,0,32884.0,27.0,26.0,2.0,333.0,0.0
https://en.wikipedia.org/wiki/Knowledge_graph_embedding,Knowledge graph embedding,0,40185.0,19.0,44.0,4.0,89.0,0.0
https://en.wikipedia.org/wiki/Knowledge_integration,Knowledge integration,0,3867.0,3.0,0.0,3.0,0.0,0.0
https://en.wikipedia.org/wiki/Kolmogorov-Arnold_Networks,Kolmogorov-Arnold Networks,0,13894.0,8.0,37.0,3.0,33.0,0.0
https://en.wikipedia.org/wiki/Labeled_data,Labeled data,0,6398.0,8.0,8.0,1.0,4.0,0.0
https://en.wikipedia.org/wiki/Lazy_learning,Lazy learning,0,7340.0,5.0,7.0,1.0,0.0,0.0
https://en.wikipedia.org/wiki/Leakage_(machine_learning),Leakage (machine learning),0,7630.0,6.0,11.0,2.0,0.0,0.0
https://en.wikipedia.org/wiki/Learnable_function,Learnable function,0,9612.0,13.0,9.0,4.0,34.0,0.0
https://en.wikipedia.org/wiki/Learnable_function_class,Learnable function class,0,5932.0,7.0,5.0,1.0,66.0,0.0
https://en.wikipedia.org/wiki/Learning_automaton,Learning automaton,0,5043.0,6.0,5.0,2.0,0.0,0.0
https://en.wikipedia.org/wiki/Learning_curve_(machine_learning),Learning curve (machine learning),0,4311.0,5.0,7.0,2.0,15.0,0.0
https://en.wikipedia.org/wiki/Learning_rate,Learning rate,0,7028.0,6.0,10.0,3.0,14.0,0.0
https://en.wikipedia.org/wiki/Learning_to_rank,Learning to rank,0,34527.0,16.0,65.0,3.0,19.0,0.0
https://en.wikipedia.org/wiki/Life-time_of_correlation,Life-time of correlation,0,1713.0,2.0,1.0,4.0,3.0,0.0
https://en.wikipedia.org/wiki/Linear_predictor_function,Linear predictor function,0,9889.0,7.0,7.0,2.0,29.0,0.0
https://en.wikipedia.org/wiki/Linear_separability,Linear separability,0,7925.0,8.0,9.0,3.0,67.0,0.0
https://en.wikipedia.org/wiki/LLM-as-a-Judge,LLM-as-a-Judge,0,24264.0,17.0,24.0,3.0,2.0,0.0
https://en.wikipedia.org/wiki/Local_case-control_sampling,Local case-control sampling,0,4223.0,6.0,1.0,2.0,28.0,0.0
https://en.wikipedia.org/wiki/Lottery_ticket_hypothesis,Lottery ticket hypothesis,0,3414.0,3.0,3.0,3.0,13.0,0.0
https://en.wikipedia.org/wiki/Lyra_(codec),Lyra (codec),0,7803.0,9.0,7.0,6.0,2.0,8.0
https://en.wikipedia.org/wiki/M-theory_(learning_framework),M-theory (learning framework),0,22649.0,14.0,16.0,3.0,85.0,0.0
https://en.wikipedia.org/wiki/Machine_Learning_(journal),Machine Learning (journal),0,4806.0,3.0,8.0,7.0,5.0,13.0
https://en.wikipedia.org/wiki/Machine_Learning_and_Knowledge_Extraction,Machine Learning and Knowledge Extraction,0,1834.0,3.0,5.0,7.0,1.0,16.0
https://en.wikipedia.org/wiki/Machine_learning_control,Machine learning control,0,6345.0,6.0,12.0,3.0,10.0,0.0
https://en.wikipedia.org/wiki/Machine_learning_in_bioinformatics,Machine learning in bioinformatics,1,62262.0,25.0,97.0,2.0,39.0,0.0
https://en.wikipedia.org/wiki/Machine_learning_in_earth_sciences,Machine learning in earth sciences,0,40706.0,16.0,49.0,2.0,5.0,0.0
https://en.wikipedia.org/wiki/Machine_learning_in_physics,Machine learning in physics,0,17449.0,9.0,43.0,4.0,5.0,0.0
https://en.wikipedia.org/wiki/Machine_learning_in_video_games,Machine learning in video games,0,28760.0,30.0,39.0,2.0,2.0,0.0
https://en.wikipedia.org/wiki/Machine_unlearning,Machine unlearning,0,4904.0,4.0,4.0,2.0,2.0,0.0
https://en.wikipedia.org/wiki/Machine-learned_interatomic_potential,Machine-learned interatomic potential,0,8460.0,2.0,16.0,3.0,0.0,0.0
https://en.wikipedia.org/wiki/Manifold_hypothesis,Manifold hypothesis,0,4573.0,4.0,7.0,2.0,0.0,0.0
https://en.wikipedia.org/wiki/Manifold_regularization,Manifold regularization,0,18584.0,14.0,28.0,1.0,95.0,0.0
https://en.wikipedia.org/wiki/The_Master_Algorithm,The Master Algorithm,0,3544.0,6.0,8.0,7.0,1.0,11.0
https://en.wikipedia.org/wiki/Matchbox_Educable_Noughts_and_Crosses_Engine,Matchbox Educable Noughts and Crosses Engine,0,16952.0,11.0,32.0,2.0,9.0,0.0
https://en.wikipedia.org/wiki/Matrix_regularization,Matrix regularization,0,10421.0,10.0,9.0,3.0,96.0,0.0
https://en.wikipedia.org/wiki/MAUVE_(metric),MAUVE (metric),0,5821.0,8.0,5.0,4.0,11.0,0.0
https://en.wikipedia.org/wiki/Maximum_inner-product_search,Maximum inner-product search,0,2217.0,2.0,5.0,3.0,5.0,0.0
https://en.wikipedia.org/wiki/Mechanistic_interpretability,Mechanistic interpretability,0,3428.0,6.0,8.0,2.0,1.0,0.0
https://en.wikipedia.org/wiki/Meta-Labeling,Meta-Labeling,0,17666.0,17.0,8.0,1.0,10.0,0.0
https://en.wikipedia.org/wiki/Meta-learning_(computer_science),Meta-learning (computer science),0,18219.0,8.0,28.0,1.0,0.0,0.0
https://en.wikipedia.org/wiki/MLOps,MLOps,0,7438.0,6.0,15.0,1.0,1.0,0.0
https://en.wikipedia.org/wiki/MobileNet,MobileNet,0,6568.0,8.0,13.0,3.0,9.0,9.0
https://en.wikipedia.org/wiki/Mode_collapse,Mode collapse,0,7995.0,5.0,14.0,3.0,0.0,0.0
https://en.wikipedia.org/wiki/Model_compression,Model compression,0,8957.0,6.0,16.0,2.0,10.0,0.0
https://en.wikipedia.org/wiki/Mountain_car_problem,Mountain car problem,0,6533.0,17.0,8.0,1.0,12.0,0.0
https://en.wikipedia.org/wiki/Multi-armed_bandit,Multi-armed bandit,0,48357.0,23.0,78.0,6.0,101.0,0.0
https://en.wikipedia.org/wiki/Multi-task_learning,Multi-task learning,0,31882.0,15.0,58.0,1.0,92.0,0.0
https://en.wikipedia.org/wiki/Multimodal_representation_learning,Multimodal representation learning,0,11148.0,7.0,14.0,1.0,33.0,0.0
https://en.wikipedia.org/wiki/Multimodal_sentiment_analysis,Multimodal sentiment analysis,0,12059.0,10.0,24.0,5.0,0.0,0.0
https://en.wikipedia.org/wiki/Multiple_instance_learning,Multiple instance learning,0,29394.0,16.0,23.0,1.0,106.0,0.0
https://en.wikipedia.org/wiki/Multiple-instance_learning,Multiple-instance learning,0,29394.0,16.0,23.0,1.0,106.0,0.0
https://en.wikipedia.org/wiki/Multiplicative_weight_update_method,Multiplicative weight update method,0,17347.0,14.0,15.0,3.0,123.0,0.0
https://en.wikipedia.org/wiki/Multitask_optimization,Multitask optimization,0,31882.0,15.0,58.0,1.0,92.0,0.0
https://en.wikipedia.org/wiki/Multivariate_adaptive_regression_spline,Multivariate adaptive regression spline,0,14941.0,12.0,9.0,2.0,35.0,0.0
https://en.wikipedia.org/wiki/Native-language_identification,Native-language identification,0,5537.0,8.0,10.0,6.0,0.0,0.0
https://en.wikipedia.org/wiki/Nature_Machine_Intelligence,Nature Machine Intelligence,0,2702.0,4.0,6.0,8.0,5.0,17.0
https://en.wikipedia.org/wiki/Neural_modeling_fields,Neural modeling fields,0,20288.0,6.0,10.0,1.0,10.0,0.0
https://en.wikipedia.org/wiki/Neural_network_quantum_states,Neural network quantum states,0,3483.0,4.0,3.0,3.0,25.0,0.0
https://en.wikipedia.org/wiki/Normalization_(machine_learning),Normalization (machine learning),0,22704.0,19.0,36.0,4.0,130.0,0.0
https://en.wikipedia.org/wiki/Novelty_detection,Novelty detection,0,2514.0,2.0,6.0,5.0,0.0,0.0
https://en.wikipedia.org/wiki/Offline_learning,Offline learning,0,1100.0,2.0,2.0,2.0,1.0,0.0
https://en.wikipedia.org/wiki/Overfitting,Overfitting,0,21503.0,13.0,17.0,5.0,11.0,0.0
https://en.wikipedia.org/wiki/Paraphrasing_(computational_linguistics),Paraphrasing (computational linguistics),0,18897.0,13.0,23.0,2.0,30.0,0.0
https://en.wikipedia.org/wiki/Parity_learning,Parity learning,0,2174.0,3.0,2.0,3.0,4.0,0.0
https://en.wikipedia.org/wiki/Pattern_language_(formal_languages),Pattern language (formal languages),0,8982.0,6.0,9.0,3.0,1.0,0.0
https://en.wikipedia.org/wiki/Pattern_recognition,Pattern recognition,0,28164.0,19.0,24.0,4.0,48.0,0.0
https://en.wikipedia.org/wiki/Perceiver,Perceiver,0,4026.0,7.0,2.0,1.0,0.0,0.0
https://en.wikipedia.org/wiki/PHerc._Paris._4,PHerc. Paris. 4,0,9190.0,4.0,10.0,9.0,2.0,8.0
https://en.wikipedia.org/wiki/Phi_coefficient,Phi coefficient,0,22589.0,9.0,35.0,8.0,43.0,0.0
https://en.wikipedia.org/wiki/Predictive_learning,Predictive learning,0,6975.0,10.0,6.0,1.0,21.0,0.0
https://en.wikipedia.org/wiki/Predictive_state_representation,Predictive state representation,0,4011.0,2.0,3.0,3.0,30.0,0.0
https://en.wikipedia.org/wiki/Preference_learning,Preference learning,0,5639.0,9.0,7.0,2.0,31.0,0.0
https://en.wikipedia.org/wiki/Prior_knowledge_for_pattern_recognition,Prior knowledge for pattern recognition,0,3990.0,5.0,1.0,2.0,14.0,0.0
https://en.wikipedia.org/wiki/Proactive_learning,Proactive learning,0,1596.0,1.0,1.0,3.0,1.0,0.0
https://en.wikipedia.org/wiki/Proaftn,Proaftn,0,3589.0,2.0,8.0,2.0,0.0,0.0
https://en.wikipedia.org/wiki/Probabilistic_numerics,Probabilistic numerics,0,27915.0,12.0,55.0,3.0,69.0,0.0
https://en.wikipedia.org/wiki/Probability_matching,Probability matching,0,2042.0,1.0,0.0,6.0,4.0,0.0
https://en.wikipedia.org/wiki/Product_of_experts,Product of experts,0,1955.0,3.0,2.0,2.0,7.0,0.0
https://en.wikipedia.org/wiki/Products_and_applications_of_OpenAI,Products and applications of OpenAI,1,56987.0,44.0,165.0,2.0,12.0,0.0
https://en.wikipedia.org/wiki/Programming_by_example,Programming by example,0,2522.0,3.0,1.0,5.0,3.0,0.0
https://en.wikipedia.org/wiki/Prompt_engineering,Prompt engineering,0,34037.0,19.0,69.0,7.0,27.0,0.0
https://en.wikipedia.org/wiki/Proximal_gradient_methods_for_learning,Proximal gradient methods for learning,0,12959.0,13.0,21.0,3.0,96.0,0.0
https://en.wikipedia.org/wiki/Purged_cross-validation,Purged cross-validation,0,9943.0,13.0,10.0,2.0,11.0,0.0
https://en.wikipedia.org/wiki/Pythia_(machine_learning),Pythia (machine learning),0,2184.0,1.0,4.0,6.0,1.0,0.0
https://en.wikipedia.org/wiki/Quantification_(machine_learning),Quantification (machine learning),0,13797.0,7.0,35.0,1.0,3.0,0.0
https://en.wikipedia.org/wiki/Quantum_machine_learning,Quantum machine learning,1,65661.0,21.0,118.0,4.0,19.0,0.0
https://en.wikipedia.org/wiki/Rabbit_r1,Rabbit r1,0,11963.0,11.0,34.0,5.0,3.0,6.0
https://en.wikipedia.org/wiki/Rademacher_complexity,Rademacher complexity,0,10067.0,16.0,6.0,2.0,161.0,0.0
https://en.wikipedia.org/wiki/Random_feature,Random feature,0,6428.0,14.0,7.0,3.0,61.0,0.0
https://en.wikipedia.org/wiki/Reasoning_model,Reasoning model,0,33235.0,12.0,64.0,5.0,24.0,6.0
https://en.wikipedia.org/wiki/Reciprocal_human_machine_learning,Reciprocal human machine learning,0,5354.0,3.0,10.0,2.0,1.0,0.0
https://en.wikipedia.org/wiki/Relational_data_mining,Relational data mining,0,2360.0,6.0,2.0,5.0,2.0,0.0
https://en.wikipedia.org/wiki/Reparameterization_trick,Reparameterization trick,0,6085.0,11.0,7.0,2.0,55.0,0.0
https://en.wikipedia.org/wiki/Right_to_explanation,Right to explanation,0,17656.0,8.0,22.0,5.0,1.0,0.0
https://en.wikipedia.org/wiki/Robot_learning,Robot learning,0,7735.0,6.0,11.0,3.0,3.0,0.0
https://en.wikipedia.org/wiki/Robotic_process_automation,Robotic process automation,0,23237.0,15.0,27.0,5.0,2.0,0.0
https://en.wikipedia.org/wiki/ROCm,ROCm,0,17832.0,23.0,47.0,11.0,17.0,18.0
https://en.wikipedia.org/wiki/Rule_induction,Rule induction,0,2434.0,3.0,4.0,3.0,2.0,0.0
https://en.wikipedia.org/wiki/Sample_complexity,Sample complexity,0,9408.0,9.0,13.0,1.0,103.0,0.0
https://en.wikipedia.org/wiki/Self-supervised_learning,Self-supervised learning,0,16491.0,10.0,21.0,2.0,8.0,0.0
https://en.wikipedia.org/wiki/Semantic_analysis_(machine_learning),Semantic analysis (machine learning),0,4664.0,2.0,2.0,2.0,2.0,0.0
https://en.wikipedia.org/wiki/Semantic_folding,Semantic folding,0,11168.0,6.0,21.0,4.0,2.0,0.0
https://en.wikipedia.org/wiki/Semi-supervised_learning,Semi-supervised learning,0,19263.0,18.0,22.0,1.0,48.0,0.0
https://en.wikipedia.org/wiki/Sequence_labeling,Sequence labeling,0,3489.0,3.0,0.0,2.0,2.0,0.0
https://en.wikipedia.org/wiki/Similarity_learning,Similarity learning,0,7682.0,8.0,16.0,2.0,34.0,0.0
https://en.wikipedia.org/wiki/Socially_assistive_robot,Socially assistive robot,0,6263.0,4.0,12.0,3.0,0.0,0.0
https://en.wikipedia.org/wiki/Lynda_Soderholm,Lynda Soderholm,0,8008.0,10.0,7.0,11.0,2.0,7.0
https://en.wikipedia.org/wiki/Solomonoff%27s_theory_of_inductive_inference,Solomonoff's theory of inductive inference,0,13557.0,13.0,15.0,6.0,23.0,0.0
https://en.wikipedia.org/wiki/Spatial_embedding,Spatial embedding,0,14177.0,10.0,24.0,3.0,7.0,0.0
https://en.wikipedia.org/wiki/Spike-and-slab_regression,Spike-and-slab regression,0,4867.0,4.0,8.0,3.0,2.0,0.0
https://en.wikipedia.org/wiki/Stability_(learning_theory),Stability (learning theory),0,13199.0,14.0,11.0,2.0,66.0,0.0
https://en.wikipedia.org/wiki/Statistical_learning_theory,Statistical learning theory,0,9101.0,9.0,8.0,2.0,44.0,0.0
https://en.wikipedia.org/wiki/Statistical_relational_learning,Statistical relational learning,0,5372.0,5.0,5.0,2.0,1.0,0.0
https://en.wikipedia.org/wiki/Structural_risk_minimization,Structural risk minimization,0,2537.0,3.0,2.0,2.0,18.0,0.0
https://en.wikipedia.org/wiki/Structured_sparsity_regularization,Structured sparsity regularization,0,18221.0,17.0,16.0,3.0,133.0,0.0
https://en.wikipedia.org/wiki/Surrogate_model,Surrogate model,0,13421.0,10.0,13.0,5.0,1.0,0.0
https://en.wikipedia.org/wiki/Symbolic_regression,Symbolic regression,0,11616.0,9.0,12.0,4.0,4.0,0.0
https://en.wikipedia.org/wiki/Tensor_(machine_learning),Tensor (machine learning),0,22133.0,9.0,43.0,3.0,75.0,0.0
https://en.wikipedia.org/wiki/TensorFlow_Hub,TensorFlow Hub,0,4137.0,6.0,9.0,6.0,2.0,14.0
https://en.wikipedia.org/wiki/Three-factor_learning,Three-factor learning,0,2343.0,2.0,4.0,2.0,2.0,0.0
https://en.wikipedia.org/wiki/Time_series,Time series,0,41054.0,29.0,64.0,5.0,11.0,0.0
https://en.wikipedia.org/wiki/Timeline_of_machine_learning,Timeline of machine learning,0,28141.0,6.0,67.0,2.0,2.0,0.0
https://en.wikipedia.org/wiki/Toronto_Declaration,Toronto Declaration,0,6472.0,7.0,7.0,6.0,0.0,0.0
https://en.wikipedia.org/wiki/Transduction_(machine_learning),Transduction (machine learning),0,10024.0,10.0,2.0,1.0,2.0,0.0
https://en.wikipedia.org/wiki/Transfer_learning,Transfer learning,0,10769.0,6.0,29.0,1.0,26.0,0.0
https://en.wikipedia.org/wiki/Ugly_duckling_theorem,Ugly duckling theorem,0,10076.0,5.0,11.0,7.0,28.0,0.0
https://en.wikipedia.org/wiki/Uncertain_data,Uncertain data,0,3979.0,2.0,2.0,3.0,0.0,0.0
